productId,title,description,price,discount
1,Product 1,This is product 1,400,2
2,Product 2,This is product 2,500,3
3,Product 3,This is product 3,600,4
4,Product 4,This is product 4,700,5
5,Product 5,This is product 5,800,6
6,Product 6,This is product 6,900,7
7,Product 7,This is product 7,1000,8
8,Product 8,This is product 8,1100,9
9,Product 9,This is product 9,1200,10
10,Product 10,This is product 10,1300,11
11,Product 11,This is product 11,1400,12
12,Product 12,This is product 12,1500,13
13,Product 13,This is product 13,1600,14
14,Product 14,This is product 14,1700,15
15,Product 15,This is product 15,1800,16
16,Product 16,This is product 16,1900,17
17,Product 17,This is product 17,2000,18
18,Product 18,This is product 18,2100,19
19,Product 19,This is product 19,2200,20
20,Product 20,This is product 20,2300,21
21,Product 21,This is product 21,2400,22
22,Product 22,This is product 22,2500,23
23,Product 23,This is product 23,2600,24
24,Product 24,This is product 24,2700,25
25,Product 25,This is product 25,2800,26
26,Product 26,This is product 26,2900,27
27,Product 27,This is product 27,3000,28
28,Product 28,This is product 28,3100,29
29,Product 29,This is product 29,3200,30
30,Product 30,This is product 30,3300,31
31,Product 31,This is product 31,3400,32
32,Product 32,This is product 32,3500,33
33,Product 33,This is product 33,3600,34
34,Product 34,This is product 34,3700,35
35,Product 35,This is product 35,3800,36
36,Product 36,This is product 36,3900,37
37,Product 37,This is product 37,4000,38
38,Product 38,This is product 38,4100,39
39,Product 39,This is product 39,4200,40
40,Product 40,This is product 40,4300,41
41,Product 41,This is product 41,4400,42
42,Product 42,This is product 42,4500,43
43,Product 43,This is product 43,4600,44
44,Product 44,This is product 44,4700,45
45,Product 45,This is product 45,4800,46
46,Product 46,This is product 46,4900,47
47,Product 47,This is product 47,5000,48
48,Product 48,This is product 48,5100,49
49,Product 49,This is product 49,5200,50
